-2.3246,1.5321,6.4492
-3.1076,1.5156,6.4585
-1.8253,1.4851,6.4806
1.048,1.5414,6.4592
-2.7559,1.4594,6.4256
-1.0121,1.4823,6.4331
2.2456,1.4888,6.4612
-2.1244,1.4306,6.4977
0.1239,1.493,6.4404
3.0228,1.4352,6.4058
-1.3893,1.4288,6.4605
1.4458,1.475,6.3682
-2.5515,1.3988,6.4726
-0.48567,1.4454,6.4426
2.4536,1.4276,6.417
-1.8227,1.3879,6.54
0.66152,1.4531,6.381
-3.0251,1.3827,6.424
-1.0103,1.4,6.5106
1.8134,1.4251,6.3173
-2.2768,1.359,6.5554
-0.02948,1.4197,6.4396
2.7369,1.3784,6.3975
-1.5012,1.3604,6.5441
1.1096,1.4169,6.3677
-2.7507,1.3424,6.5379
-0.62625,1.3804,6.506
2.1558,1.3804,6.4167
-1.9792,1.33,6.5862
0.41026,1.3963,6.3881
3.0305,1.3368,6.4755
-1.1632,1.3416,6.5302
1.5164,1.3809,6.3074
-2.4595,1.3102,6.5925
-0.2303,1.3645,6.4829
2.4877,1.3393,6.396
-1.6666,1.3087,6.5905
0.83742,1.3715,6.3641
-2.9541,1.3014,6.5446
-0.808,1.3281,6.5284
1.8921,1.3444,6.3401
-2.1581,1.2848,6.5917
0.17527,1.349,6.4307
2.8062,1.3022,6.5328
-1.3399,1.2936,6.5894
1.2472,1.3439,6.3247
-2.6521,1.2718,6.6021
-0.43734,1.3172,6.4803
2.2465,1.3082,6.3533
-1.8473,1.2658,6.6048
0.58493,1.3314,6.372
3.1218,1.2687,6.5163
-0.99957,1.2827,6.5332
1.6368,1.3136,6.3055
-2.346,1.2478,6.6264
-0.052192,1.3066,6.4238
2.5841,1.2735,6.4069
-1.526,1.252,6.6177
0.9907,1.3103,6.3513
-2.8501,1.2399,6.5539
-0.64321,1.2746,6.5191
2.006,1.2816,6.3212
-2.0347,1.229,6.6251
0.34313,1.2943,6.356
2.9098,1.2418,6.5226
-1.1936,1.2423,6.574
1.3855,1.2855,6.3019
-2.5395,1.2163,6.6446
-0.27283,1.2672,6.4683
2.3574,1.2494,6.3719
-1.7159,1.2155,6.6693
0.74241,1.2785,6.3255
-3.0534,1.2133,6.5708
-0.84852,1.2355,6.5126
1.7653,1.2576,6.2743
-2.2264,1.1969,6.623
0.10939,1.2588,6.3717
2.695,1.2185,6.4449
-1.3889,1.2058,6.6128
1.138,1.2587,6.2637
-2.7369,1.1888,6.6017
-0.48931,1.2301,6.478
2.1285,1.2278,6.2889
-1.909,1.1827,6.651
0.50031,1.2475,6.3041
3.0227,1.1903,6.5478
-1.0511,1.1994,6.5685
1.5236,1.2348,6.2474
-2.4214,1.1695,6.7223
-0.11812,1.2245,6.3798
2.4763,1.1981,6.3623
-1.5845,1.173,6.7027
0.89328,1.2321,6.2748
-2.9383,1.1654,6.6071
-0.70124,1.1951,6.5259
1.8954,1.208,6.2706
-2.1037,1.1536,6.6561
0.26375,1.2169,6.279
2.812,1.17,6.4779
-1.2527,1.166,6.609
1.2818,1.2125,6.2158
-2.6191,1.1444,6.6543
-0.33973,1.1912,6.4287
2.2526,1.1798,6.3341
-1.7812,1.143,6.736
0.65223,1.2055,6.2555
3.1404,1.1445,6.5411
-0.91054,1.1619,6.5338
1.66,1.1888,6.2417
-2.3001,1.1277,6.6708
0.032979,1.1863,6.3058
2.598,1.152,6.3697
-1.4529,1.1353,6.6747
1.0406,1.1899,6.1973
-2.8195,1.1225,6.597
-0.55759,1.1591,6.4192
2.0258,1.1628,6.274
-1.9789,1.1152,6.6775
0.41525,1.1784,6.2779
2.9319,1.1264,6.5206
-1.1165,1.1307,6.5877
1.4229,1.1698,6.2235
-2.4985,1.1047,6.6803
-0.1926,1.156,6.3453
2.3784,1.136,6.3645
-1.6527,1.107,6.7158
0.80099,1.1667,6.199
-3.0228,1.1032,6.5508
-0.77009,1.1282,6.5143
1.795,1.1463,6.2753
-2.177,1.0903,6.6437
0.18213,1.1511,6.2516
2.7208,1.1099,6.4135
-1.3213,1.1012,6.5665
1.1851,1.1503,6.191
-2.6986,1.0835,6.576
-0.41315,1.1263,6.4178
2.1558,1.1209,6.3082
-1.8526,1.0807,6.6953
0.56406,1.1426,6.2491
3.0536,1.0865,6.5585
-0.98038,1.0986,6.5335
1.5622,1.1298,6.2298
-2.3761,1.0683,6.6683
-0.045666,1.1234,6.3354
2.5049,1.0954,6.3841
-1.5233,1.0744,6.6759
0.94739,1.1299,6.2236
-2.9016,1.0657,6.6169
-0.6308,1.0972,6.3983
1.9292,1.1064,6.2915
-2.0524,1.0567,6.6664
0.3302,1.118,6.2519
2.8443,1.0711,6.472
-1.1874,1.0708,6.6032
1.3275,1.1128,6.2071
-2.5766,1.0484,6.6373
-0.2696,1.0958,6.3741
2.2854,1.0818,6.3469
-1.725,1.0492,6.7129
0.71102,1.1088,6.178
-3.1064,1.0492,6.5413
-0.84319,1.0692,6.5125
1.7,1.092,6.2396
-2.2524,1.0351,6.6647
0.1005,1.0926,6.3326
2.6315,1.0574,6.4071
-1.3928,1.0444,6.6357
1.0918,1.0949,6.2342
-2.7789,1.0308,6.6375
-0.48995,1.0684,6.3769
2.0625,1.0688,6.3002
-1.9264,1.0258,6.6828
0.47702,1.0863,6.2628
2.9685,1.0349,6.534
-1.0533,1.0423,6.5728
1.4681,1.077,6.2187
-2.4533,1.0156,6.6536
-0.12573,1.0669,6.3677
2.4144,1.0449,6.403
-1.5968,1.0197,6.6425
0.85665,1.076,6.2058
-2.9832,1.0149,6.59
-0.70522,1.0417,6.5004
1.8363,1.0558,6.2621
-2.1275,1.0048,6.7271
0.24543,1.0633,6.2432
2.7577,1.0218,6.4659
-1.2611,1.0168,6.6116
1.2348,1.0612,6.2036
-2.6554,0.99816,6.6279
-0.34791,1.0412,6.4312
2.1948,1.0329,6.3195
-1.7994,0.99709,6.6918
0.62264,1.0559,6.2447
3.0933,1.0009,6.5594
-0.91823,1.0157,6.541
1.6074,1.0426,6.2193
-2.329,0.98525,6.6697
0.017749,1.0393,6.3274
2.5435,1.0099,6.411
-1.4668,0.99283,6.6732
1.0009,1.0444,6.2023
-2.8593,0.98283,6.6357
-0.56695,1.0156,6.452
1.9714,1.0212,6.2819
-2.0017,0.97623,6.7162
0.39045,1.0348,6.2239
2.884,0.98824,6.5097
-1.1282,0.99095,6.6066
1.3764,1.0286,6.1823
-2.5313,0.96796,6.66
-0.20681,1.0151,6.367
2.3261,0.99877,6.3556
-1.6714,0.97024,6.68
0.76732,1.0264,6.2031
-3.0648,0.96874,6.5697
-0.78196,0.99072,6.5394
1.7451,1.0093,6.2372
-2.2039,0.95704,6.7076
0.16111,1.0127,6.2683
2.6723,0.97655,6.4028
-1.3361,0.96741,6.659
1.1439,1.0136,6.1748
-2.7347,0.95243,6.6364
-0.42733,0.99084,6.466
2.1051,0.98802,6.3234
-1.8749,0.94962,6.7264
0.53496,1.0071,6.2039
3.0104,0.95635,6.5339
-0.99451,0.96651,6.5814
1.5164,0.9969,6.1824
-2.4065,0.93966,6.6918
-0.065019,0.98995,6.3323
2.4565,0.96614,6.4016
-1.5424,0.94511,6.6766
0.91119,0.99749,6.1517
-2.9396,0.93844,6.5869
-0.64555,0.96669,6.4658
1.8818,0.97716,6.2244
-2.078,0.93032,6.7061
0.30442,0.9868,6.1944
2.8001,0.945,6.4567
-1.2046,0.94326,6.61
1.2858,0.98354,6.1551
-2.6098,0.92377,6.6334
-0.2877,0.96687,6.4201
2.2385,0.95593,6.3087
-1.7472,0.92457,6.7273
0.67893,0.97995,6.1791
3.1368,0.926,6.5392
-0.85971,0.9433,6.5677
1.6551,0.96595,6.2013
-2.2811,0.91277,6.6846
0.077301,0.96541,6.3295
2.5865,0.9348,6.4181
-1.4123,0.92147,6.685
1.0539,0.96885,6.2213
-2.8143,0.90994,6.6263
-0.50764,0.94375,6.4571
2.0168,0.94599,6.2811
-1.9515,0.90507,6.688
0.44798,0.96126,6.1816
2.9276,0.91485,6.4892
-1.0718,0.92053,6.6054
1.4264,0.95396,6.1626
-2.4845,0.89701,6.6717
-0.14766,0.94358,6.351
2.3703,0.92513,6.359
-1.6188,0.90062,6.6775
0.82233,0.95314,6.1635
-3.0202,0.89719,6.552
-0.72434,0.92093,6.5141
1.7925,0.93576,6.2236
-2.1551,0.88777,6.7278
0.21935,0.9414,6.2569
2.7161,0.90465,6.4146
-1.2814,0.89884,6.6562
1.1961,0.94091,6.1553
-2.6887,0.88265,6.6214
-0.36905,0.92148,6.4401
2.151,0.91575,6.2985
-1.8238,0.8817,6.7422
0.59135,0.93597,6.203
3.0549,0.8861,6.5232
-0.93822,0.89868,6.5716
1.5658,0.92494,6.1796
-2.3588,0.87138,6.662
-0.0067363,0.92079,6.3243
2.5016,0.89532,6.3669
-1.4894,0.87813,6.6646
0.96501,0.92655,6.1878
-2.8942,0.86994,6.5852
-0.58817,0.89931,6.4473
1.9288,0.90631,6.2439
-2.0285,0.86362,6.6985
0.36179,0.91767,6.2207
2.8448,0.87589,6.4499
-1.1496,0.87724,6.6238
1.3369,0.91318,6.1778
-2.563,0.85712,6.6669
-0.23002,0.89971,6.3925
2.2844,0.88637,6.3028
-1.6956,0.85914,6.7349
0.73425,0.91091,6.2171
-3.1011,0.85847,6.5259
-0.80354,0.8777,6.5541
1.7039,0.89645,6.2062
-2.2326,0.84759,6.7219
0.13447,0.89834,6.282
2.6319,0.86672,6.4105
-1.359,0.85678,6.6647
1.107,0.90027,6.1735
-2.7681,0.84405,6.6222
-0.45055,0.87843,6.4465
2.064,0.87759,6.2711
-1.9011,0.84118,6.7378
0.50437,0.89407,6.2235
2.9728,0.84844,6.5046
-1.0168,0.85655,6.5999
1.477,0.88584,6.1597
-2.437,0.83249,6.6573
-0.090302,0.87833,6.3511
2.4165,0.85799,6.3413
-1.5666,0.83766,6.7267
0.87666,0.88613,6.1578
-2.9744,0.83225,6.5561
-0.66813,0.8573,6.5146
1.8408,0.86853,6.2583
-2.1059,0.82467,6.7351
0.27596,0.8761,6.2319
2.7616,0.83908,6.4324
-1.2277,0.83632,6.6618
1.2482,0.87419,6.1583
-2.6419,0.81933,6.6494
-0.31242,0.85792,6.4148
2.198,0.84962,6.3059
-1.773,0.81973,6.7622
0.64673,0.87058,6.2222
3.1007,0.8219,6.5179
-0.88328,0.83649,6.5533
1.6159,0.85883,6.1666
-2.3106,0.8094,6.6931
0.049724,0.85719,6.2728
2.5479,0.83046,6.3642
-1.4367,0.81714,6.7188
1.0185,0.86133,6.1634
-2.8478,0.80735,6.6074
-0.53169,0.83746,6.491
1.9769,0.84114,6.2711
-1.9787,0.80272,6.7271
0.41794,0.85389,6.2591
2.8908,0.81244,6.4532
-1.0957,0.81647,6.6252
1.3884,0.84829,6.1726
-2.5155,0.79555,6.644
-0.1736,0.83771,6.3822
2.3313,0.82236,6.326
-1.6444,0.79895,6.7395
0.7888,0.84717,6.1943
-3.0549,0.79646,6.5331
-0.74858,0.81711,6.5319
1.7533,0.83223,6.2339
-2.1839,0.78747,6.7392
0.19056,0.83619,6.2482
2.6783,0.80399,6.4256
-1.3062,0.79727,6.6792
1.1598,0.83666,6.1417
-2.7211,0.78336,6.626
-0.39449,0.81797,6.4613
2.1122,0.81427,6.264
-1.8508,0.78203,6.7567
0.55958,0.8318,6.1775
3.0192,0.78704,6.5133
-0.96259,0.79739,6.6176
1.5279,0.8226,6.147
-2.389,0.77316,6.6808
-0.034371,0.81767,6.3159
2.4635,0.79591,6.3635
-1.5149,0.77915,6.7351
0.93054,0.82377,6.1572
-2.9276,0.77223,6.5717
-0.61284,0.79822,6.5285
1.8899,0.80606,6.2724
-2.0567,0.76617,6.7305
0.33172,0.81523,6.2341
2.8084,0.77813,6.424
-1.1746,0.7783,6.6771
1.3004,0.81205,6.1416
-2.5943,0.76026,6.6226
-0.25664,0.79871,6.4154
2.246,0.78812,6.3149
-1.7225,0.7618,6.7214
0.70139,0.80959,6.1952
-3.1357,0.76229,6.5174
-0.8289,0.77866,6.5656
1.6663,0.79716,6.1677
-2.2621,0.75192,6.7366
0.10551,0.79773,6.2635
2.5949,0.77019,6.393
-1.3848,0.75996,6.7024
1.0718,0.80032,6.1575
-2.8004,0.74876,6.5723
-0.47661,0.77953,6.4802
2.0259,0.78028,6.2758
-1.929,0.74581,6.724
0.47301,0.79423,6.2099
2.9376,0.75341,6.4737
-1.0423,0.75976,6.6382
1.4399,0.78754,6.1787
-2.4675,0.73821,6.6259
-0.11829,0.77957,6.34
2.379,0.76259,6.3543
-1.5935,0.74249,6.7003
0.84291,0.78737,6.1449
-3.0078,0.73853,6.5296
-0.69425,0.76038,6.5211
1.8033,0.77207,6.2375
-2.1349,0.73106,6.715
0.24597,0.7778,6.235
2.7257,0.74519,6.4095
-1.254,0.74131,6.6476
1.2125,0.77688,6.1266
-2.6734,0.72648,6.605
-0.33936,0.76114,6.4609
2.1609,0.75493,6.2702
-1.8009,0.72621,6.7041
0.61428,0.77317,6.1467
3.0665,0.72935,6.4833
-0.90908,0.74176,6.6123
1.579,0.76317,6.1465
-2.3406,0.7175,6.6854
0.020863,0.76054,6.2878
2.5113,0.73764,6.3743
-1.4637,0.72394,6.6892
0.9841,0.76502,6.1568
-2.8802,0.71579,6.5558
-0.55868,0.74244,6.4844
1.9398,0.74727,6.2539
-2.0074,0.71089,6.6682
0.38667,0.75781,6.1953
2.856,0.72086,6.4057
-1.1221,0.72351,6.6461
1.3524,0.75345,6.1586
-2.5464,0.70488,6.6035
-0.20198,0.74273,6.3556
2.2946,0.73021,6.3086
-1.6721,0.70744,6.6967
0.75562,0.75195,6.1715
-3.0883,0.70625,6.5106
-0.77537,0.72396,6.536
1.7167,0.73904,6.2067
-2.2133,0.69743,6.7122
0.16068,0.74151,6.2604
2.6429,0.71332,6.3839
-1.3333,0.7059,6.6558
1.1249,0.74263,6.1245
-2.7527,0.6938,6.5614
-0.42239,0.72468,6.4343
2.0754,0.72282,6.2617
-1.8794,0.69196,6.6835
0.52764,0.7377,6.1764
2.9851,0.69771,6.4757
-0.98963,0.70596,6.6019
1.4916,0.73009,6.1787
-2.4193,0.68437,6.6321
-0.063669,0.72445,6.2802
2.4274,0.7061,6.3572
-1.5427,0.68925,6.6727
0.89672,0.73064,6.1216
-2.96,0.68371,6.4951
-0.64044,0.70663,6.5057
1.8539,0.71509,6.2025
-2.0858,0.67769,6.6712
0.30079,0.72238,6.2126
2.7738,0.68959,6.3802
-1.2019,0.68852,6.6486
1.2651,0.72018,6.1281
-2.6254,0.67272,6.5751
-0.28529,0.70705,6.3877
2.2101,0.69875,6.2617
-1.7507,0.67385,6.7175
0.66862,0.71744,6.1501
3.1144,0.67481,6.453
-0.85614,0.68887,6.5802
1.6301,0.70681,6.17
-2.292,0.66483,6.6815
0.075589,0.70621,6.2614
2.5598,0.68239,6.3599
-1.4124,0.67187,6.6868
1.0375,0.70918,6.1341
-2.8324,0.66245,6.5468
-0.50488,0.68943,6.4505
1.9898,0.69153,6.2577
-1.958,0.65877,6.6397
0.44129,0.70312,6.1882
2.9037,0.66688,6.4342
-1.0701,0.67136,6.5953
1.4045,0.69774,6.1743
-2.4981,0.65266,6.6171
-0.14753,0.68945,6.3329
2.3434,0.6754,6.3367
-1.6216,0.65593,6.6847
0.80955,0.69701,6.1526
-3.0404,0.65309,6.4967
-0.72205,0.67194,6.5247
1.7676,0.68373,6.1988
-2.1644,0.64553,6.6574
0.21533,0.68787,6.2502
2.6912,0.65934,6.3765
-1.2817,0.6547,6.65
1.1778,0.68763,6.1316
-2.7047,0.6417,6.556
-0.3682,0.67246,6.4401
2.1251,0.66821,6.2655
-1.8295,0.64115,6.699
0.58194,0.6837,6.1598
3.0332,0.64473,6.4614
-0.93702,0.65479,6.5931
1.5434,0.6753,6.1579
-2.3707,0.63323,6.6377
-0.0090573,0.67184,6.2868
2.4764,0.65233,6.3485
-1.4919,0.63861,6.6543
0.95026,0.67643,6.1324
-2.9122,0.63198,6.516
-0.58699,0.65528,6.4879
1.9043,0.66086,6.2217
-2.0366,0.62701,6.6434
0.35534,0.66936,6.2217
2.822,0.63692,6.3958
-1.15,0.63813,6.646
1.3175,0.66603,6.1526
-2.5772,0.62185,6.5842
-0.23121,0.65538,6.3669
2.2594,0.64533,6.2923
-1.7006,0.62369,6.6927
0.72266,0.66409,6.1578
-3.1208,0.62313,6.4617
-0.80341,0.63832,6.5537
1.6813,0.65301,6.1939
-2.2432,0.61455,6.6629
0.13003,0.65415,6.2521
2.6085,0.62979,6.3611
-1.3613,0.62203,6.6674
1.0906,0.65571,6.1317
-2.7842,0.61166,6.5422
-0.45122,0.63869,6.4395
2.0399,0.63832,6.2695
-1.9083,0.60944,6.6724
0.49565,0.65069,6.2118
2.9519,0.61535,6.4494
-1.0179,0.62161,6.5833
1.4566,0.6444,6.1621
-2.4497,0.60274,6.6134
-0.093193,0.63839,6.3475
2.3927,0.62296,6.3388
-1.5713,0.60648,6.6399
0.86325,0.6443,6.1445
-2.9923,0.60246,6.4962
-0.66925,0.62191,6.4765
1.8186,0.63081,6.2007
-2.1154,0.59607,6.6221
0.26955,0.63631,6.217
2.7398,0.60786,6.3853
-1.2303,0.60563,6.6406
1.2305,0.63489,6.1517
-2.6564,0.59199,6.5579
-0.31445,0.62225,6.4264
2.175,0.61598,6.275
-1.7796,0.5923,6.6791
0.63599,0.63179,6.1512
3.0815,0.59413,6.4529
-0.88465,0.60563,6.5753
1.5951,0.62279,6.1661
-2.322,0.58432,6.6432
0.045175,0.62122,6.2859
2.5255,0.60091,6.3485
-1.4411,0.59014,6.6513
1.0036,0.62435,6.1575
-2.864,0.58246,6.5272
-0.53391,0.60582,6.4518
1.9547,0.6089,6.2457
-1.9873,0.57864,6.6411
0.40955,0.61832,6.2225
2.8704,0.58653,6.4132
-1.0982,0.5897,6.6406
1.3698,0.614,6.1648
-2.5288,0.5732,6.6001
-0.17722,0.60567,6.3758
2.309,0.59411,6.3114
-1.6505,0.57542,6.647
0.77644,0.61272,6.1487
-3.0726,0.57365,6.4694
-0.75105,0.58954,6.499
1.7326,0.60133,6.2095
-2.1942,0.56623,6.6288
0.18423,0.60397,6.2566
2.6573,0.57947,6.3842
-1.3105,0.57392,6.6134
1.1436,0.60425,6.164
-2.7359,0.56297,6.5351
-0.39779,0.58978,6.4288
2.0902,0.58723,6.2804
-1.8587,0.56173,6.6532
0.54961,0.60008,6.1791
3.0004,0.56582,6.4433
-0.96587,0.57371,6.5746
1.5087,0.59305,6.1567
-2.401,0.55485,6.6114
-0.039498,0.58897,6.2976
2.4422,0.57259,6.3358
-1.5209,0.55901,6.6139
0.91675,0.59345,6.1427
-2.944,0.55395,6.5072
-0.6162,0.57385,6.488
1.8695,0.57992,6.2104
-2.0662,0.54876,6.6178
0.32358,0.5865,6.1938
2.7886,0.55844,6.3967
-1.1788,0.55839,6.6441
1.2832,0.58402,6.1523
-2.608,0.5442,6.5519
-0.26096,0.5737,6.4062
2.2249,0.56577,6.2887
-1.7298,0.54516,6.6423
0.68982,0.58164,6.1463
3.13,0.5456,6.4565
-0.83251,0.55809,6.542
1.6468,0.57216,6.1693
-2.2732,0.53706,6.6161
0.099134,0.57226,6.2799
2.5747,0.55156,6.3684
-1.3905,0.54317,6.6084
1.0568,0.57405,6.1747
-2.8155,0.5347,6.5169
-0.48094,0.55801,6.4228
2.0055,0.55879,6.2471
-1.9379,0.53189,6.6147
0.4635,0.56892,6.215
2.9191,0.53807,6.4296
-1.0468,0.54266,6.5858
1.4222,0.56375,6.1657
-2.4801,0.5261,6.576
-0.12375,0.55743,6.3349
2.3586,0.54481,6.336
-1.6005,0.52886,6.603
0.83003,0.56303,6.1593
-3.0241,0.52598,6.4697
-0.69864,0.54243,6.4692
1.7838,0.55147,6.2288
-2.1452,0.51977,6.6118
0.23813,0.55533,6.2416
2.7063,0.53105,6.4112
-1.2594,0.52768,6.6098
1.1964,0.55448,6.1784
-2.6874,0.51618,6.5434
-0.34466,0.54231,6.4004
2.1406,0.53792,6.2823
-1.8091,0.51565,6.6323
0.60343,0.55105,6.1738
3.0491,0.51819,6.4518
-0.91395,0.52729,6.5589
1.5605,0.54349,6.188
-2.3522,0.50857,6.5969
0.014117,0.54105,6.2649
2.4918,0.52406,6.344
-1.4703,0.5133,6.6198
0.97008,0.54421,6.1571
-2.8954,0.50714,6.5104
-0.56364,0.52705,6.4479
1.9205,0.53076,6.2228
-2.017,0.50294,6.5954
0.37762,0.53825,6.238
2.8375,0.51083,6.4145
-1.1276,0.51241,6.6047
1.3357,0.53481,6.1805
-2.5593,0.498,6.534
-0.20773,0.52652,6.3698
2.2749,0.51734,6.3155
-1.6799,0.49959,6.6108
0.74349,0.53301,6.1755
-3.1045,0.49876,6.4575
-0.7806,0.51185,6.4861
1.6983,0.52323,6.1942
-2.2242,0.49137,6.5862
0.153,0.52472,6.2969
2.624,0.50386,6.3776
-1.3399,0.4977,6.5767
1.1098,0.52526,6.1827
-2.767,0.4886,6.5088
-0.42792,0.51164,6.4225
2.0561,0.51037,6.262
-1.8884,0.48674,6.6029
0.51721,0.52087,6.1763
2.968,0.49124,6.4407
-0.99518,0.49723,6.5802
1.4745,0.51505,6.1695
-2.4314,0.48066,6.5642
-0.070297,0.51055,6.3152
2.4085,0.49709,6.3472
-1.5502,0.48397,6.5998
0.88347,0.51477,6.1793
-2.9754,0.47991,6.4677
-0.64605,0.49677,6.4788
1.8352,0.50314,6.23
-2.096,0.47483,6.5987
0.29193,0.50803,6.2472
2.7556,0.48411,6.4128
-1.2083,0.4828,6.6105
1.2493,0.50613,6.1709
-2.6388,0.47081,6.5354
-0.29142,0.49622,6.4081
2.1909,0.49028,6.3118
-1.7594,0.47096,6.6101
0.65711,0.50338,6.1898
3.098,0.47203,6.4446
-0.86212,0.48211,6.5384
1.6125,0.49537,6.1952
-2.3033,0.46375,6.5811
0.067844,0.49449,6.2846
2.5414,0.47717,6.3686
-1.42,0.46859,6.5744
1.0233,0.49633,6.171
-2.8468,0.46183,6.5119
-0.51104,0.48152,6.4252
1.9714,0.48319,6.2605
-1.9676,0.45857,6.5848
0.43133,0.49119,6.2334
2.8866,0.46473,6.431
-1.0764,0.46772,6.5763
1.3882,0.48698,6.1914
-2.5106,0.45335,6.5328
-0.15453,0.48055,6.3473
2.325,0.47041,6.3397
-1.6299,0.45544,6.6004
0.79699,0.48562,6.1725
-3.0558,0.45343,6.4642
-0.72825,0.46712,6.5064
1.7499,0.47572,6.2135
-2.1752,0.44715,6.5734
0.20652,0.47827,6.266
2.6735,0.45767,6.3926
-1.2889,0.45374,6.5958
1.1628,0.47778,6.1879
-2.7183,0.44394,6.5054
-0.37503,0.46639,6.4162
2.1068,0.46341,6.2815
-1.8387,0.44306,6.6208
0.57088,0.47406,6.1816
3.017,0.44578,6.4409
-0.94361,0.45289,6.5649
1.5266,0.46775,6.195
-2.3825,0.43654,6.5509
-0.016802,0.46486,6.3278
2.4585,0.45078,6.3514
-1.4999,0.44034,6.6071
0.93676,0.46777,6.2093
-2.9267,0.43535,6.4854
-0.59374,0.45208,6.4559
1.8865,0.45621,6.2441
-2.0468,0.4311,6.5789
0.34558,0.46184,6.2497
2.805,0.4385,6.4027
-1.1572,0.43896,6.5969
1.302,0.45906,6.1764
-2.5899,0.42659,6.5039
-0.2385,0.45107,6.3792
2.2414,0.44397,6.327
-1.7096,0.42746,6.5895
0.71064,0.45681,6.1806
-3.1363,0.42736,6.4597
-0.8103,0.43801,6.5216
1.6644,0.44856,6.2089
-2.2544,0.42019,6.5681
0.12139,0.44896,6.295
2.5913,0.43145,6.3533
-1.3694,0.42528,6.5796
1.0764,0.44965,6.19
-2.7979,0.41758,6.4783
-0.45844,0.43705,6.4147
2.0223,0.43694,6.2927
-1.9182,0.4155,6.5933
0.48485,0.44512,6.1963
2.9358,0.41988,6.4321
-1.0251,0.42409,6.5531
1.4407,0.4403,6.1777
-2.4618,0.41002,6.5443
-0.10127,0.43565,6.3529
2.3752,0.42478,6.3615
-1.5799,0.41235,6.5833
0.85038,0.43936,6.1835
-3.0068,0.40928,6.457
-0.67609,0.42327,6.5036
1.8015,0.42942,6.2214
-2.126,0.40421,6.5771
0.25999,0.43283,6.2494
2.7231,0.41272,6.3993
-1.2381,0.41065,6.5904
1.2157,0.43142,6.1854
-2.6695,0.40051,6.5034
-0.32221,0.42208,6.4094
2.1576,0.4177,6.2986
-1.7891,0.40023,6.6036
0.6244,0.42826,6.1766
3.0662,0.40153,6.4324
-0.89206,0.40951,6.5483
1.5788,0.42154,6.1869
-2.3336,0.39354,6.5339
0.036481,0.42005,6.3184
2.5088,0.40556,6.3246
-1.4497,0.39746,6.5731
0.98997,0.42176,6.1992
-2.8778,0.39183,6.4788
-0.54153,0.40826,6.4243
1.9377,0.41052,6.2682
-1.9976,0.38843,6.5574
0.39908,0.41658,6.24
2.8545,0.39416,6.4001
-1.1063,0.39599,6.5695
1.3545,0.41312,6.1923
-2.5411,0.38367,6.4943
-0.18552,0.40688,6.3731
2.292,0.39878,6.3215
-1.6597,0.38503,6.5791
0.76404,0.41113,6.135
-3.0872,0.38365,6.4381
-0.75845,0.39483,6.5129
1.7162,0.40286,6.214
-2.2053,0.37769,6.5532
0.17472,0.40426,6.2788
2.6412,0.38698,6.3514
-1.3188,0.38289,6.5822
1.1294,0.40394,6.1832
-2.749,0.37461,6.4669
-0.4058,0.39349,6.4187
2.0735,0.39167,6.2812
-1.8686,0.37338,6.5963
0.53836,0.40005,6.2019
2.9852,0.37612,6.4225
-0.97384,0.38137,6.537
1.493,0.39474,6.1867
-2.4129,0.36747,6.5146
-0.048254,0.3915,6.3272
2.4256,0.38015,6.348
-1.5298,0.37026,6.5803
0.90366,0.39405,6.1951
-2.9579,0.36638,6.4686
-0.62411,0.38014,6.4773
1.8529,0.38432,6.2566
-2.0769,0.36206,6.5516
0.31349,0.38833,6.2674
2.7728,0.36885,6.3926
-1.1874,0.3683,6.5628
1.2685,0.38602,6.1755
-2.6205,0.35796,6.4742
-0.26956,0.3785,6.3836
2.2083,0.37313,6.3203
-1.7395,0.3582,6.569
0.67786,0.38338,6.193
3.1154,0.35845,6.4359
-0.84053,0.36692,6.5287
1.6309,0.37641,6.1975
-2.2846,0.35157,6.5208
0.089728,0.37607,6.3176
2.5589,0.36159,6.3281
-1.3994,0.35553,6.5558
1.0431,0.37666,6.1892
-2.8288,0.34923,6.4527
-0.48919,0.36531,6.4186
1.989,0.36589,6.2883
-1.9482,0.34672,6.5411
0.45253,0.37217,6.2426
2.904,0.35093,6.4048
-1.0552,0.35389,6.5562
1.4071,0.36815,6.2067
-2.4922,0.34185,6.5012
-0.13257,0.36346,6.3705
2.3426,0.35463,6.314
-1.6099,0.34339,6.5592
0.8174,0.36647,6.1654
-3.038,0.34104,6.4253
-0.70664,0.35237,6.4983
1.768,0.35819,6.2293
-2.1562,0.33597,6.5184
0.22806,0.36037,6.2827
2.6909,0.34371,6.3774
-1.2683,0.34111,6.556
1.1823,0.3592,6.2053
-2.7001,0.33254,6.4433
-0.35323,0.35062,6.4161
2.1245,0.34751,6.2914
-1.8192,0.33188,6.5627
0.59178,0.35576,6.2035
3.0346,0.3334,6.4166
-0.92247,0.33944,6.5315
1.5453,0.35017,6.2099
-2.3639,0.32577,6.4754
0.0047583,0.34809,6.3097
2.4761,0.33649,6.3279
-1.4797,0.32882,6.5569
0.95684,0.34958,6.2069
-2.9088,0.32423,6.4465
-0.57207,0.33774,6.4599
1.9044,0.34017,6.2821
-2.0277,0.32065,6.5083
0.3668,0.34448,6.252
2.8226,0.32591,6.3767
-1.1367,0.32665,6.5308
1.3212,0.34159,6.1981
-2.5716,0.31633,6.4466
-0.2167,0.33575,6.4013
2.2591,0.32945,6.3211
-1.6898,0.31701,6.5412
0.73121,0.33923,6.1923
-3.1185,0.31619,6.4161
-0.78899,0.325,6.509
1.6828,0.33227,6.2309
-2.2355,0.31045,6.5097
0.14293,0.33278,6.3208
2.6089,0.31864,6.3424
-1.3491,0.3143,6.5342
1.0961,0.3324,6.1944
-2.7798,0.30762,6.4371
-0.43677,0.32307,6.4284
2.0402,0.32217,6.3017
-1.8988,0.30578,6.5236
0.50593,0.3285,6.26
2.9536,0.30858,6.3962
-1.0041,0.31243,6.5412
1.4594,0.3241,6.2434
-2.4432,0.30061,6.4678
-0.079687,0.32065,6.3642
2.3931,0.31152,6.3271
-1.56,0.30237,6.5241
0.87064,0.32264,6.2178
-2.9889,0.29938,6.4218
-0.6548,0.31055,6.4879
1.8196,0.31455,6.2781
-2.1071,0.29497,6.4721
0.28135,0.31714,6.2914
2.7409,0.3012,6.3714
-1.2178,0.29993,6.5197
1.2351,0.31528,6.2324
-2.6511,0.29143,6.4346
-0.30061,0.30841,6.4282
2.1753,0.3044,6.3343
-1.7697,0.29098,6.5106
0.64514,0.31218,6.2159
3.0841,0.29154,6.4035
-0.87113,0.29806,6.5186
1.5973,0.30652,6.2561
-2.3149,0.285,6.4548
0.05783,0.30534,6.314
2.5264,0.29386,6.3329
-1.4296,0.28803,6.5305
1.0099,0.30587,6.2297
-2.8596,0.28286,6.4131
-0.5199,0.29602,6.4666
1.9559,0.29684,6.2967
-1.9784,0.2801,6.4852
0.42012,0.3013,6.2581
2.8723,0.28397,6.3815
-1.0858,0.2857,6.5186
1.3737,0.29803,6.2466
-2.5226,0.27557,6.4292
-0.16399,0.29349,6.3981
2.31,0.28658,6.3105
-1.6402,0.27639,6.5009
0.7845,0.29586,6.2286
-3.0691,0.27477,6.3968
-0.73734,0.28372,6.5065
1.7345,0.28909,6.2954
-2.1864,0.26987,6.4691
0.19611,0.29009,6.333
2.659,0.27654,6.3508
-1.2987,0.27365,6.5119
1.149,0.28897,6.2364
-2.7307,0.26665,6.3985
-0.38435,0.28137,6.4406
2.0914,0.27933,6.3274
-1.8495,0.26536,6.4827
0.55923,0.2854,6.2642
3.0032,0.26707,6.3884
-0.95308,0.27149,6.5188
1.5117,0.28086,6.2859
-2.3942,0.26004,6.4244
-0.026764,0.27844,6.3726
2.4436,0.26928,6.3455
-1.5101,0.26205,6.5069
0.92379,0.2795,6.2738
-2.9396,0.25839,6.3974
-0.60288,0.26929,6.4901
1.8712,0.27166,6.312
-2.0579,0.25473,6.4396
0.33455,0.27444,6.2897
2.7909,0.25947,6.3593
-1.1671,0.25949,6.5204
1.2878,0.27201,6.2431
-2.6021,0.2509,6.4029
-0.24799,0.26671,6.4433
2.2263,0.26194,6.3422
-1.7202,0.25075,6.4694
0.69843,0.26924,6.2399
3.1336,0.25042,6.3839
-0.81981,0.25715,6.4975
1.6494,0.26358,6.289
-2.2658,0.24488,6.431
0.11089,0.26313,6.3255
2.5767,0.25206,6.3449
-1.3795,0.24776,6.5024
1.063,0.26281,6.2528
-2.8105,0.24235,6.3986
-0.46789,0.25465,6.4444
2.0073,0.25428,6.3117
-1.9291,0.24012,6.4562
0.47344,0.25876,6.2901
2.9221,0.24275,6.3745
-1.0348,0.24527,6.5139
1.4262,0.25509,6.2705
-2.4736,0.23545,6.4051
-0.11122,0.25175,6.4084
2.3607,0.24464,6.3323
-1.5905,0.23634,6.4636
0.83771,0.25309,6.2683
-3.0198,0.23414,6.3845
-0.68584,0.24275,6.4748
1.7864,0.2465,6.3233
-2.1373,0.22994,6.4313
0.24923,0.24787,6.3377
2.7091,0.23513,6.3474
-1.2483,0.23353,6.4957
1.2019,0.24614,6.2629
-2.6817,0.22666,6.404
-0.33196,0.24009,6.4472
2.1426,0.23721,6.3463
-1.8001,0.22547,6.4382
0.61248,0.24284,6.2702
3.0528,0.22629,6.3824
-0.902,0.23098,6.4956
1.5641,0.23819,6.2998
-2.3452,0.22024,6.402
0.026027,0.23657,6.3564
2.4942,0.2277,6.3479
-1.4601,0.22225,6.4943
0.97688,0.23682,6.2929
-2.8904,0.21814,6.3815
-0.55096,0.22843,6.4886
1.9229,0.22935,6.3169
-2.0087,0.21525,6.4373
0.38781,0.23232,6.3216
2.8408,0.21853,6.3602
-1.1166,0.21926,6.4788
1.3404,0.2295,6.2922
-2.553,0.21104,6.3753
-0.19559,0.22526,6.4172
2.2774,0.22016,6.3419
-1.6706,0.21109,6.4382
0.75167,0.22681,6.2634
-3.1002,0.21007,6.3778
-0.76832,0.21674,6.5
1.7014,0.22135,6.3324
-2.2167,0.20533,6.4066
0.16398,0.2214,6.3513
2.6271,0.21089,6.3412
-1.3293,0.208,6.4848
1.1159,0.22035,6.2856
-2.7613,0.20235,6.362
-0.41576,0.21373,6.4417
2.0587,0.21243,6.333
-1.8798,0.20062,6.4238
0.52669,0.21666,6.3179
2.9719,0.20216,6.3606
-0.98391,0.2052,6.503
1.4786,0.21281,6.3079
-2.4245,0.19593,6.3841
-0.058488,0.21039,6.4162
2.4113,0.2034,6.3562
-1.5406,0.19687,6.4475
0.89084,0.21089,6.3185
-2.9704,0.19414,6.3715
-0.63418,0.20225,6.4669
1.8383,0.20444,6.3242
-2.0882,0.19066,6.416
0.30229,0.20602,6.335
2.7592,0.19444,6.3539
-1.1978,0.19389,6.4984
1.2547,0.20386,6.2869
-2.6326,0.1871,6.3859
-0.27969,0.19907,6.4324
2.1938,0.19566,6.3448
-1.7506,0.18612,6.406
0.6657,0.20072,6.2775
3.1024,0.1862,6.3829
-0.85088,0.19083,6.4742
1.6164,0.19611,6.3131
-2.2961,0.18102,6.3875
0.07885,0.1951,6.3495
2.5446,0.18681,6.3589
-1.41,0.1828,6.4736
1.0299,0.19457,6.2921
-2.8412,0.17856,6.3762
-0.49915,0.18781,6.4665
1.9746,0.18767,6.3234
-1.9594,0.17613,6.4189
0.441,0.19059,6.3474
2.8908,0.17819,6.3536
-1.0659,0.1795,6.4591
1.3931,0.18743,6.3096
-2.504,0.17179,6.3584
-0.14307,0.18422,6.4146
2.3282,0.17913,6.3671
-1.6209,0.17196,6.4293
0.80485,0.1849,6.3055
-3.0507,0.1703,6.3679
-0.71701,0.1765,6.4697
1.7533,0.17968,6.3666
-2.1676,0.16639,6.4035
0.21702,0.18001,6.3732
2.6773,0.17044,6.3576
-1.279,0.16858,6.4682
1.1688,0.17832,6.2974
-2.7122,0.1632,6.3754
-0.36365,0.17309,6.432
2.1101,0.17118,6.3534
-1.8305,0.16151,6.385
0.57987,0.17491,6.3325
3.0217,0.16224,6.3591
-0.93303,0.16536,6.4751
1.531,0.17108,6.3454
-2.3755,0.15694,6.3684
-0.0058836,0.16922,6.3954
2.4621,0.16259,6.3466
-1.4907,0.15779,6.4396
0.94393,0.16902,6.3392
-2.9211,0.15469,6.3566
-0.58239,0.16211,6.4755
1.8901,0.16304,6.3474
-2.039,0.15176,6.3912
0.35542,0.16463,6.363
2.8092,0.15438,6.3672
-1.1474,0.1543,6.4512
1.3074,0.16215,6.3318
-2.5834,0.14789,6.3417
-0.2274,0.15833,6.4183
2.245,0.1547,6.3479
-1.7011,0.14718,6.3817
0.71887,0.15896,6.2808
-3.1312,0.14655,6.3652
-0.79955,0.15108,6.4796
1.6686,0.15457,6.3312
-2.247,0.14225,6.3743
0.13175,0.154,6.3624
2.5951,0.14647,6.3655
-1.36,0.14366,6.4529
1.0829,0.15287,6.322
-2.7919,0.13928,6.3387
-0.44728,0.14746,6.4496
2.0262,0.14653,6.3314
-1.9102,0.1373,6.3862
0.49415,0.1492,6.3735
2.9407,0.13838,6.345
-1.015,0.14015,6.4679
1.4456,0.14591,6.3443
-2.4549,0.13308,6.3562
-0.090482,0.14349,6.4232
2.3792,0.13853,6.3691
-1.5712,0.13312,6.4154
0.85797,0.14335,6.3385
-3.0013,0.1311,6.3685
-0.66555,0.13657,6.4566
1.8055,0.13833,6.3578
-2.1185,0.12781,6.3957
0.27,0.13886,6.3844
2.7276,0.13049,6.3646
-1.2286,0.12952,6.467
1.2217,0.13668,6.3025
-2.6631,0.12446,6.3798
-0.31161,0.1326,6.4063
2.1613,0.13049,6.3811
-1.7811,0.12289,6.373
0.633,0.13342,6.3299
3.0713,0.12292,6.3746
-0.88194,0.12588,6.4769
1.5834,0.1297,6.3536
-2.3264,0.11837,6.3569
0.046803,0.12835,6.3916
2.5128,0.12243,6.3614
-1.4408,0.119,6.4347
0.99698,0.12747,6.3458
-2.8718,0.11581,6.36
-0.53059,0.12216,6.4806
1.9419,0.12211,6.3635
-1.9898,0.1133,6.3833
0.40846,0.12343,6.3677
2.8594,0.11468,6.3558
-1.0969,0.11509,6.4353
1.3601,0.12074,6.3439
-2.5343,0.10928,6.3277
-0.17493,0.11794,6.4382
2.2961,0.11435,6.3726
-1.6515,0.10868,6.3859
0.77203,0.11767,6.3172
-3.0816,0.10745,6.3604
-0.74835,0.11139,6.4592
1.7207,0.11358,6.3678
-2.1979,0.10391,6.3749
0.1847,0.11322,6.3945
2.6456,0.10665,6.3753
-1.3099,0.10471,6.4277
1.1359,0.11144,6.3265
-2.7427,0.10066,6.3377
-0.39537,0.10731,6.4355
2.0777,0.10596,6.3555
-1.8609,0.098824,6.3633
0.54724,0.10798,6.3762
2.9906,0.099119,6.3485
-0.96411,0.10094,6.4705
1.4981,0.10481,6.3797
-2.4058,0.094738,6.3543
-0.037951,0.1029,6.4185
2.4302,0.098358,6.3585
-1.5214,0.094576,6.4131
0.91106,0.10207,6.358
-2.9518,0.092225,6.3505
-0.61393,0.096905,6.466
1.8575,0.097504,6.3686
-2.0693,0.089449,6.373
0.32297,0.097938,6.3948
2.7778,0.090975,6.3671
-1.1782,0.090602,6.4606
1.2745,0.095559,6.3444
-2.6139,0.085876,6.3471
-0.25928,0.092491,6.4288
2.2128,0.090103,6.3753
-1.7315,0.084606,6.3783
0.68612,0.092194,6.3294
3.1211,0.083899,6.3639
-0.83081,0.086555,6.4779
1.6358,0.088699,6.3581
-2.2774,0.080215,6.3608
0.099455,0.087614,6.3763
2.5634,0.082742,6.3786
-1.3907,0.080438,6.4386
1.05,0.086293,6.366
-2.8225,0.077236,6.3475
-0.47889,0.082247,6.4638
1.9937,0.081565,6.3714
-1.9406,0.075058,6.3698
0.46155,0.082565,6.4007
2.9095,0.075409,6.3405
-1.0461,0.076183,6.4492
1.4128,0.079682,6.3563
-2.4853,0.071124,6.3342
-0.12255,0.077597,6.4359
2.3472,0.074346,6.3791
-1.6018,0.070417,6.3965
0.82514,0.076622,6.349
-3.0321,0.068818,6.3673
-0.697,0.071911,6.4562
1.7729,0.072807,6.3657
-2.1488,0.065798,6.3675
0.23757,0.072518,6.405
2.6961,0.06715,6.3643
-1.2596,0.066083,6.4326
1.1889,0.070216,6.3097
-2.6935,0.062489,6.3563
-0.34339,0.067287,6.4264
2.1292,0.065811,6.382
-1.8115,0.060715,6.3671
0.60031,0.06696,6.3762
3.0404,0.060271,6.3551
-0.91313,0.061886,6.4802
1.5506,0.063957,6.3886
-2.3568,0.056601,6.3385
0.014594,0.062427,6.4131
2.4811,0.058637,6.356
-1.4716,0.056125,6.3998
0.96411,0.061021,6.3709
-2.9024,0.053788,6.3465
-0.56223,0.057373,6.4823
1.9094,0.057085,6.3839
-2.0202,0.051398,6.3649
0.37589,0.057085,6.3848
2.8281,0.05185,6.3676
-1.1278,0.051808,6.4559
1.3273,0.054684,6.3687
-2.5647,0.047742,6.3387
-0.20693,0.052496,6.4541
2.2642,0.050097,6.3675
-1.682,0.046447,6.3766
0.73923,0.051234,6.342
-3.1123,0.04515,6.3373
-0.77978,0.047197,6.4561
1.6881,0.048104,6.3748
-2.2283,0.042266,6.3592
0.15226,0.047167,6.3989
2.614,0.043405,6.3889
-1.3407,0.041889,6.4232
1.103,0.045324,6.3741
-2.7731,0.038893,6.3202
-0.42712,0.04243,6.4525
2.0453,0.041453,6.3918
-1.8913,0.036997,6.3554
0.5146,0.041818,6.4218
2.9595,0.036606,6.3452
-0.99533,0.037349,6.463
1.4654,0.039013,6.3856
-2.4362,0.033172,6.3316
-0.070174,0.037306,6.4264
2.3983,0.034715,6.3847
-1.552,0.03222,6.3984
0.87822,0.035795,6.3799
-2.9825,0.030299,6.3367
-0.64551,0.032573,6.4706
1.825,0.032451,6.3805
-2.0997,0.027847,6.3543
0.29047,0.031963,6.4214
2.7467,0.02796,6.3445
-1.2092,0.027628,6.4578
1.2417,0.029528,6.3531
-2.6443,0.024417,6.3446
-0.29118,0.027513,6.4568
2.1807,0.025896,6.3838
-1.762,0.022765,6.3766
0.65336,0.026025,6.3611
3.0904,0.021522,6.319
-0.86227,0.022743,6.4638
1.6032,0.023289,6.3748
-2.3077,0.018696,6.3254
0.067132,0.021995,6.4006
2.5319,0.019363,6.3725
-1.4216,0.017937,6.4211
1.0171,0.020227,6.3928
-2.853,0.015667,6.3484
-0.51065,0.017752,6.4729
1.9613,0.016994,6.3997
-1.971,0.013483,6.3542
0.42887,0.016468,6.4023
2.8783,0.013028,6.3632
-1.0773,0.012975,6.4357
1.38,0.014095,6.3983
-2.5156,0.0098733,6.3372
-0.15469,0.01241,6.4509
2.3154,0.010526,6.3804
-1.6325,0.0083639,6.3723
0.79233,0.010522,6.3725
-3.0628,0.0069251,6.3528
-0.72861,0.007933,6.4495
1.7404,0.0077448,6.3801
-2.1792,0.0043095,6.3258
0.2051,0.0068191,6.4268
2.6647,0.0042295,6.3681
-1.2906,0.0034137,6.4135
1.156,0.0044807,6.3658
-2.7239,0.00086737,6.3053
-0.37524,0.0026983,6.4561
2.0971,0.0015658,6.3948
-1.842,-0.00091745,6.3483
0.56762,0.0011006,6.4249
3.0095,-0.0018616,6.3576
-0.94454,-0.0015231,6.4677
1.518,-0.0014929,6.3957
-2.3871,-0.0046559,6.3181
-0.017709,-0.0028864,6.4316
2.4492,-0.0045624,6.399
-1.5024,-0.0060847,6.3706
0.93128,-0.0048573,6.4123
-2.9329,-0.0079668,6.3046
-0.59403,-0.0068072,6.4775
1.877,-0.0075793,6.4046
-2.0506,-0.010017,6.3342
0.34335,-0.0085547,6.4315
2.797,-0.010766,6.3569
-1.1589,-0.010961,6.4561
1.2945,-0.010904,6.4039
-2.5951,-0.013424,6.3385
-0.23902,-0.012331,6.4724
2.2323,-0.013783,6.3747
-1.7126,-0.015254,6.3619
0.70645,-0.014656,6.3773
3.1402,-0.016805,6.3121
-0.81139,-0.016445,6.4419
1.6556,-0.016992,6.3914
-2.2586,-0.01909,6.3081
0.11984,-0.01824,6.4243
2.5827,-0.01968,6.3783
-1.3716,-0.020388,6.4146
1.0701,-0.020382,6.419
-2.8036,-0.022418,6.317
-0.45909,-0.021956,6.4515
2.013,-0.022733,6.4349
0.48186,-0.024104,6.4155
